region_name,federal_district,note
Амурская область,Дальневосточный,
Еврейская автономная область,Дальневосточный,
Забайкальский край,Дальневосточный,в Дальневосточном ФО с ноября 2018 г. (ранее — Сибирский ФО)
Камчатский край,Дальневосточный,
Магаданская область,Дальневосточный,
Приморский край,Дальневосточный,
Республика Саха (Якутия),Дальневосточный,
Сахалинская область,Дальневосточный,
Хабаровский край,Дальневосточный,
Чукотский автономный округ,Дальневосточный,
Кировская область,Приволжский,
Нижегородская область,Приволжский,
Оренбургская область,Приволжский,
Пензенская область,Приволжский,
Пермский край,Приволжский,
Республика Башкортостан,Приволжский,
Республика Марий Эл,Приволжский,
Республика Мордовия,Приволжский,
Республика Татарстан,Приволжский,
Самарская область,Приволжский,
Саратовская область,Приволжский,
Удмуртская Республика,Приволжский,
Ульяновская область,Приволжский,
Чувашская Республика,Приволжский,
Архангельская область,Северо-Западный,
Вологодская область,Северо-Западный,
Калининградская область,Северо-Западный,
Ленинградская область,Северо-Западный,
Мурманская область,Северо-Западный,
Ненецкий автономный округ,Северо-Западный,"самостоятельный субъект, территориально входит в Архангельскую область"
Новгородская область,Северо-Западный,
Псковская область,Северо-Западный,
Республика Карелия,Северо-Западный,
Республика Коми,Северо-Западный,
Санкт-Петербург,Северо-Западный,город федерального значения
Кабардино-Балкарская Республика,Северо-Кавказский,
Карачаево-Черкесская Республика,Северо-Кавказский,
Республика Северная Осетия — Алания,Северо-Кавказский,
Ставропольский край,Северо-Кавказский,
Алтайский край,Сибирский,
Иркутская область,Сибирский,
Кемеровская область,Сибирский,
Красноярский край,Сибирский,
Новосибирская область,Сибирский,
Омская область,Сибирский,
Республика Алтай,Сибирский,
Республика Тыва,Сибирский,
Республика Хакасия,Сибирский,
Томская область,Сибирский,
Курганская область,Уральский,
Свердловская область,Уральский,
Тюменская область,Уральский,
Ханты-Мансийский автономный округ — Югра,Уральский,"самостоятельный субъект, территориально входит в Тюменскую область"
Челябинская область,Уральский,
Ямало-Ненецкий автономный округ,Уральский,"самостоятельный субъект, территориально входит в Тюменскую область"
Владимирская область,Центральный,
Ивановская область,Центральный,
Калужская область,Центральный,
Костромская область,Центральный,
Липецкая область,Центральный,
Москва,Центральный,город федерального значения
Московская область,Центральный,
Орловская область,Центральный,
Рязанская область,Центральный,
Смоленская область,Центральный,
Тамбовская область,Центральный,
Тверская область,Центральный,
Тульская область,Центральный,
Ярославская область,Центральный,
Астраханская область,Южный,
Волгоградская область,Южный,
Республика Адыгея,Южный,
Республика Калмыкия,Южный,
