id;что утверждается;источник;адрес;что прочитано;уровень;fact
S0;описание данных СберИндекса, определения категорий, безналичные расходы, оценка модели, порог качества;Описание набора данных СберИндекса по муниципальным данным;data/raw/Данные_СберИндекс_лицензия.pdf;полностью;описание данных;определения категорий и характер данных приведены в описании набора
S1;структура расходов городских и сельских домохозяйств;Росстат, показатели ОБДХ, II кв. 2024;https://18.rosstat.gov.ru/storage/mediabank/показатели ОБДХ 2 кв 2024.pdf;таблица;официальная статистика;в городских домохозяйствах питание вне дома 3,5% против 1,3% в сельских, продукты для дома 22,9% против 36,4%, услуги 31,1% против 16,8%
S2;использование транспорта по людности городов;Крылов П. М. и соавторы, транспортное обслуживание городских населённых пунктов различной людности;https://esj.today/PDF/07ECVN620.pdf;фрагмент, полный текст не открывался;научная статья;"доля пользующихся общественным транспортом растёт с ростом численности города; личным транспортом и такси чаще пользуются в менее людных"
S4;склады Wildberries;Новая газета Европа, 23.07.2026;https://novayagazeta.eu/articles/2026/07/23/punkt-vydachi-i-oborony;фрагмент;СМИ;в 2025 году Wildberries открыла или строила 17 складов, среди них в Волгограде и Саратове
S5;Якутия, Ozon, пункты выдачи;14.ру, 12.09.2025;https://14.ru/text/business/2025/09/12/76023874/;фрагмент;региональная новость, данные компании и властей;"152 тыс. клиентов Ozon в Якутии, на 65% больше, чем в 2024 году; в Якутске 86 пунктов выдачи; склады маркетплейсов планируются"
S6;порты Дальнего Востока;Коммерсантъ, 2022;https://www.kommersant.ru/doc/5679508;фрагмент;СМИ;в начале ноября 2022 года порты Дальнего Востока были загружены на 95–100%
S7;онлайн-чек электроники в ДФО;CNews (исследование интернет-ритейлера «Дубайский экспресс»);https://zoom.cnews.ru/news/item/696230;фрагмент;исследование заинтересованной компании;средний чек на электронику онлайн в ДФО около 35 тыс. руб., в России около 31 тыс. руб.
S8;иностранные онлайн-площадки в Приморье;Retail.ru, «Китайское интернет-предупреждение»;https://www.retail.ru/articles/kitayskoe-internet-preduprezhdenie/;фрагмент;отраслевая пресса, статья старая, дата не указана;Taobao через посредников перетягивал покупателей из торговых центров Приморья
S9;медицинская помощь в Якутии;Евсеева С. А. и соавторы, Якутский медицинский журнал, 2012;https://ymj.elpub.ru/jour/article/download/1950/3319;фрагмент;региональный журнал, данные 2012 года;88,3% опрошенных сельских жителей не удовлетворены объёмом медицинских услуг на местах
S10;региональные различия онлайн-покупок;Olumekor M., Цифровая социология, 2024, 7(3), 15–23, DOI 10.26425/2658-347x-2024-7-3-15-23;https://doaj.org/article/c438cb013d46410487ee108e14a0f60e;аннотация;научная статья;"для 85 регионов на развитие онлайн-покупок влияют интернет-инфраструктура, ВРП, размер населения и федеральные округа; уровень жизни статистически незначим"
S11;региональные различия онлайн-покупок;Lola I., Bakeev M., Electronic Commerce Research, 2023, 23(2), 1143–1159;https://ideas.repec.org/a/spr/elcore/v23y2023i2d10.1007_s10660-021-09507-7.html;аннотация;научная статья;"положительно влияют ВРП на душу и доля пользователей смартфонов и ПК, препятствует недоверие; физическая доступность торговых точек, урбанизация и возраст незначимы"
S12;как Росстат учитывает работников;указания к приказу Росстата в пересказе на buhgalteria.ru;https://www.buhgalteria.ru/upload/docs/Указания к Приказу Росстата № 7.pdf;фрагмент, первоисточник не открывался;вторичный источник;"при наличии обособленных подразделений формы заполняются по каждому подразделению и по юрлицу без них; подразделение — любое место со стационарными рабочими местами"
