id,ref_no,authors_or_org,title,year,venue_or_publisher,doi_or_url,read_status,note
I01,,СберИндекс,Онлайн-конкурс СберИндекса (страница конкурса),,sber.ru,https://sber.ru/sberindex/konkurs_sberindex,полный текст страницы,"раздел 1 рабочего файла (задача, критерии, сроки, жюри); прочитана в браузере 03.10.2026"
I02,25,"Alvandyan, T.A., Shalileh, S.",An Empirical Scrutinization of Four Crisp Clustering Methods with Four Distance Metrics and One Straightforward Interpretation Rule,2024,"Dokl. Math. 110 (Suppl 1), S236–S250",https://doi.org/10.1134/S1064562424602002,полный текст,"запись издателя по строке «Cite this article» (/tmp/step29/publisher_authors.txt); русская версия: Докл. РАН. Матем., информ., проц. упр. 520:2, 267–283; в Math-Net.ru автор записан как Nalbandian; номер в списке рабочего файла: 25"
I03,35,"Shalileh S., Antonov E., Tsyplakova D.",Profiling consumption using attributed network clustering,2026,"Complex Networks & Their Applications XIV : COMPLEX NETWORKS 2025 (Springer, Studies in Computational Intelligence, vol. 1265)",https://doi.org/10.1007/978-3-032-16723-1_7,аннотация и список литературы (платная),"раздел 1: работа жюри, профилирование потребления"
I04,,"Shalileh S., Tsyplakova D., Antonov E.",Cluster validity across attribute and network spaces,2025,"Докл. РАН. Матем., информ., проц. упр., т. 527, с. 400–414",https://m.mathnet.ru/eng/danma697,аннотация,"раздел 1: работа жюри, индексы валидности; относится к критерию ICVI"
I05,,"Shalileh S., Antonov E., Tsyplakova D.",Internal Cluster Validity Indices for Attributed Networks: A Controlled Comparative Study,2026,Expert Systems with Applications,,"только запись в выдаче, не открывалась","раздел 1: работа жюри, ICVI для атрибутированных сетей; источник записи — выдача Google Scholar"
I06,30,"Galdeman A., Ba C. T., Zignani M., Quadri C., Gaito S.",City consumption profile: a city perspective on the spending behavior of citizens,2021,"Applied Network Science, vol. 6, № 1",https://doi.org/10.1007/s41109-021-00406-2,аннотации и заключение,разделы 1 и 5 (статус одинаковый)
I07,28,"Di Clemente R., Luengo-Oroz M., Travizano M., Xu S., Vaitla B., González M. C.",Sequences of purchases in credit card data reveal lifestyles in urban populations,2018,"Nature Communications, vol. 9, art. 3330",https://doi.org/10.1038/s41467-018-05690-8,аннотации и заключение,разделы 1 и 5 (статус одинаковый)
I08,,"Алескеров Ф., Савченко А., Кузнецов С.",работы по теме интерпретации,,,,не проверено,"раздел 1, строка «Не искалось»: работы не искались"
I09,32,"Lola I., Bakeev M.",What determines the differentiation in the e-commerce adoption by consumers: evidence from Russia,2023,"Electronic Commerce Research, vol. 23, № 2, p. 1143–1159",https://doi.org/10.1007/s10660-021-09507-7,"аннотация (платная); открытая рабочая версия SSRN найдена, не прочитана",S11 в portrait_sources.csv
I10,14,Олумекор М.,"Факторы, влияющие на региональное неравенство в сфере онлайн-торговли",2024,"Цифровая социология, т. 7, № 3, с. 15–23",https://doi.org/10.26425/2658-347X-2024-7-3-15-23,аннотация (DOI открывается); полный PDF не прочитан; уровень в Белом списке не проверен,S10 в portrait_sources.csv
I11,,"Olumekor, Singh, Alhamad",,2024,"Sustainability, 16(4), 1545",,выдача поиска (запись IDEAS),раздел 5; название в рабочем файле не указано
I12,,Van Hove,,2025,"Econ Journal Watch, 285–295",,аннотация,раздел 5; название в рабочем файле не указано
I13,29,"Forman C., Ghose A., Goldfarb A.",Competition between local and electronic markets: how the benefit of buying online depends on where you live,2009,"Management Science, vol. 55, № 1, p. 47–57",https://doi.org/10.1287/mnsc.1080.0932,аннотация (репозиторий NYU и страница издателя); полный текст не читался,
I14,,"Sinai, Waldfogel",,2004,Journal of Urban Economics,https://doi.org/10.1016/j.jue.2004.04.001,только выходные данные (OpenAlex); выводы не сверены,раздел 5; название в рабочем файле не указано
I15,,"Freathy, Calderwood",,2013,J. Retailing and Consumer Services,,выдача Google Scholar (фрагменты); DOI не проверены,"раздел 5, общая строка пяти работ"
I16,,Beckers и др.,,2018,J. Retailing and Consumer Services,,выдача Google Scholar (фрагменты); DOI не проверены,"раздел 5, общая строка пяти работ"
I17,,"Maat, Konings",,2018,Transportation Research Record,,выдача Google Scholar (фрагменты); DOI не проверены,"раздел 5, общая строка пяти работ"
I18,,Song,,2022,Environment and Planning B,,выдача Google Scholar (фрагменты); DOI не проверены,"раздел 5, общая строка пяти работ"
I19,,Rundel и др.,,2024,Journal of Rural Studies,,выдача Google Scholar (фрагменты); DOI не проверены,"раздел 5, общая строка пяти работ"
I20,,"Wakamori, Welte",,2017,"J. Money, Credit and Banking",,выдача Google Scholar (фрагменты); DOI не проверены,"раздел 5, общая строка трёх работ"
I21,,Bagnall и др.,,2016,Int. J. Central Banking,,выдача Google Scholar (фрагменты); DOI не проверены,"раздел 5, общая строка трёх работ"
I22,,"Baker, Kueng",,2022,Annual Review of Economics,,выдача Google Scholar (фрагменты); DOI не проверены,"раздел 5, общая строка трёх работ"
I23,36,"Zweifel P., Felder S., Meiers M.","Ageing of population and health care expenditure: a ""red herring""?",1999,"Health Economics, vol. 8, № 6, p. 485–496",https://ideas.repec.org/a/wly/hlthec/v8y1999i6p485-496.html,аннотации (выдача поиска); полные тексты не читались; квартили не проверены,"раздел 5, общая строка трёх работ; DOI в списке: 10.1002/(SICI)1099-1050(199909)8:6<485::AID-HEC461>3.0.CO;2-4"
I24,37,"Zweifel P., Felder S., Werblow A.","Population ageing and health care expenditure: new evidence on the ""red herring""",2004,"The Geneva Papers on Risk and Insurance — Issues and Practice, vol. 29, № 4, p. 652–666",https://ideas.repec.org/a/pal/gpprii/v29y2004i4p652-666.html,аннотации (выдача поиска); полные тексты не читались; квартили не проверены,"раздел 5, общая строка трёх работ"
I25,27,"Carreras M., Ibern P., Inoriza J. M.",Ageing and healthcare expenditures: exploring the role of individual health status,2018,"Health Economics, vol. 27, № 5, p. 865–876",https://doi.org/10.1002/hec.3635,аннотации (выдача поиска); полные тексты не читались; квартили не проверены,"раздел 5, общая строка трёх работ"
I26,,Alhulail и др.,,2026,Future Business Journal,,выдача Google Scholar (фрагмент); не открывалась,раздел 5; название в рабочем файле не указано
I27,1,Банк России,Информация о решении Совета директоров Банка России по ключевой ставке от 20 декабря 2024 г.,,КонсультантПлюс,https://storage.consultant.ru/ondb/attachments/202412/20/Informatsiya_CBR_vPF.pdf,,
I28,2,Банк России,Об индикаторах финансовой доступности за 2024 год : аналитическая справка,2025,Банк России,https://cbr.ru/Content/Document/File/178614/acc_indicators_03072025.pdf,,
I29,3,,Бизнес на ПВЗ: тренды развития в 2024 году,,Бизнес-секреты Т-Банка,https://secrets.tbank.ru/trendy/razvitie-biznesa-na-pvz/,,
I30,4,,В марте 2023 года в РФ пройдет эксперимент по онлайн-торговле рецептурными лекарствами,2022,Retail.ru,https://www.retail.ru/news/v-marte-2023-goda-v-rf-proydet-eksperiment-po-onlayn-torgovle-retsepturnymi-leka-28-iyulya-2022-218994,,
I31,5,,"В Приморье разрушительный паводок, вода смывает дома, мосты и людей. Регион ждёт новый тайфун",2023,Лента.ру,https://lenta.ru/news/2023/08/31/potopprim/,,
I32,6,,В российском регионе ввели режим ЧС: в середине мая область на юге страны накрыли заморозки,2024,Mentoday,https://www.mentoday.ru/life/news/14-05-2024/v-rossiiskom-regione-vveli-rejim-chs-v-seredine-maya-oblast-na-yuge-strany-nakryli-zamorozki/,,
I33,7,"Балаян Е., Быкадорова Н.",Вода не приходит одна: на затопленные районы Приморья идёт новый тайфун,2023,Известия,https://iz.ru/1558358/elena-balaian-nataliia-bykadorova/voda-ne-prikhodit-odna-na-zatoplennye-raiony-primoria-idet-novyi-taifun,,
I34,8,СберИндекс,"Данные СберИндекса: расходы жителей муниципальных образований по категориям, 2023–2024 : набор данных",,СберИндекс (лицензия CC BY-SA 4.0),https://sber.ru/sberindex/konkurs_sberindex,,
I35,9,,Как аптеки привыкали к дистанционной торговле лекарствами,2023,Фармацевтический вестник,https://pharmvestnik.ru/content/articles/Kak-apteki-privykali-k-distancionnoi-torgovle-lekarstvami.html,,
I36,10,Территориальный орган Росстата по Курской области,Методологические пояснения по выборочному обследованию бюджетов домашних хозяйств,,Росстат,https://46.rosstat.gov.ru/storage/mediabank/%D0%9C%D0%95%D0%A2%D0%9E%D0%94%D0%9E%D0%9B%D0%9E%D0%93%D0%98%D0%A7%D0%95%D0%A1%D0%9A%D0%98%D0%95+%D0%9F%D0%9E%D0%AF%D0%A1%D0%9D%D0%95%D0%9D%D0%98%D0%AF+%D0%9F%D0%9E+%D0%92%D0%AB%D0%91%D0%9E%D0%A0%D0%9E%D0%A7%D0%9D%D0%9E%D0%9C%D0%A3+%D0%9E%D0%91%D0%A1%D0%9B%D0%95%D0%94%D0%9E%D0%92%D0%90%D0%9D%D0%98%D0%AE+%D0%91%D0%AE%D0%94%D0%96%D0%95%D0%A2%D0%9E%D0%92+%D0%94%D0%9E%D0%9C%D0%90%D0%A8%D0%9D%D0%98%D0%A5+%D0%A5%D0%9E%D0%97%D0%AF%D0%99%D0%A1%D0%A2%D0%92.pdf,,
I37,11,Калугин Д.,На Wildberries теперь можно купить и лекарства,2024,Выберу.ру,https://www.vbr.ru/novosti/banki/2024/08/15/wildberries-lekarstva/,,
I38,12,,НСА: пришедшие заморозки могут нанести существенный ущерб АПК,2024,BFM.ru,https://www.bfm.ru/news/549847,,
I39,13,Территориальный орган Росстата по Пермскому краю,О порядке предоставления формы № П-4 в 2024 г.,,Росстат,https://59.rosstat.gov.ru/storage/mediabank/%D0%9E%20%D0%BF%D0%BE%D1%80%D1%8F%D0%B4%D0%BA%D0%B5%20%D0%BF%D1%80%D0%B5%D0%B4%D0%BE%D1%81%D1%82%D0%B0%D0%B2%D0%BB%D0%B5%D0%BD%D0%B8%D1%8F%20%D1%84%D0%BE%D1%80%D0%BC%D1%8B%20%E2%84%96%20%D0%9F-4%20%D0%B2%202024%20%D0%B3.pdf,,
I40,15,,Орск накрыло Уралом,2024,Коммерсантъ FM,https://www.kommersant.ru/doc/6632938,,
I41,16,Росстат,Основные социально-экономические показатели бюджетов домашних хозяйств во II квартале 2024 года по месту проживания,,Росстат,https://18.rosstat.gov.ru/storage/mediabank/%D0%BF%D0%BE%D0%BA%D0%B0%D0%B7%D0%B0%D1%82%D0%B5%D0%BB%D0%B8%20%D0%9E%D0%91%D0%94%D0%A5%202%20%D0%BA%D0%B2%202024.pdf,,S1 в portrait_sources.csv
I42,17,,Официальный курс доллара на 25 декабря 2024,,Mail.ru Финансы,https://finance.mail.ru/article/ofitsialnyj-kurs-dollara-na-25-dekabrya-2024-64213771/,,
I43,18,,Песчаная буря и заморозки: аграриям Саратовской области выплатили 151 млн рублей,,InFull Broker,https://www.infullbroker.ru/news/saratovskie-agrarii-poluchili-151-mln-rubley-vyplat-v-2024-2025-gg-39/,,
I44,19,Федеральная служба государственной статистики,Показатели муниципальных образований : база данных,,"Росстат; выгрузка «Если быть точным», версия v20250918",https://rosstat.gov.ru/munstat; https://tochno.st/datasets/bdmo,,"разделы 2, 31, 32 скачаны 29.09.2026"
I45,20,,Российская интернет-торговля за 2023 г. выросла на 28 %,,Эксперт,https://expert.ru/news/rossiyskaya-internet-torgovlya-za-2023-g-vyrosla-na-28-protsentov,,со ссылкой на данные АКИТ
I46,21,,Утвержден порядок проведения эксперимента по онлайн-продаже рецептурных ЛС,2023,Энциклопедия РЛС,https://www.rlsnet.ru/news/utverzden-poryadok-provedeniya-eksperimenta-po-onlayn-prodaze-recepturnyx-ls-14087,,
I47,22,,Число жертв обстрела Белгорода выросло до 25,2024,Деловой журнал «Профиль»,https://profile.ru/news/accidents/chislo-zhertv-obstrela-belgoroda-vyroslo-do-25-1437271/amp/,,
I48,23,,Число заказов на Ozon в Приморье выросло в 3 раза,2026,Новости ритейла,https://new-retail.ru/novosti/retail/chislo_zakazov_na_ozon_v_primore_vyroslo_v_3_raza/,,
I49,24,,Что будет с долларом в декабре: прогноз экспертов,,Рамблер/финансы,https://finance.rambler.ru/economics/53860806-chto-budet-s-dollarom-v-dekabre-prognoz-ekspertov/,,
I50,26,Anker R.,"Engel's law around the world 150 years later : PERI Working Paper Series, № 247",2011,"Political Economy Research Institute, University of Massachusetts",https://peri.umass.edu/images/publication/WP247.pdf,,
I51,31,"Glaeser E. L., Kolko J., Saiz A.",Consumer city,2001,"Journal of Economic Geography, vol. 1, № 1, p. 27–50",https://ideas.repec.org/a/oup/jecgeo/v1y2001i1p27-50.html,,
I52,33,,Ozon откроет фулфилмент-центр в Якутске,2025,Новости ритейла,https://new-retail.ru/novosti/retail/ozon_otkroet_fulfilment_tsentr_v_yakutske/,,
I53,34,,"Russia had 0.73% inflation in Dec, 7.42% in 2023 — Rosstat",2024,Interfax,https://interfax.com/newsroom/top-stories/98377/,,
